hsn_code,description,gst_rate
01010000,"Live horses, asses, mules and hinnies",0
01012100,Live pure-bred breeding horses,0
01012900,Other live horses,0
01020000,Live bovine animals,0
01030000,Live swine,0
01040000,Live sheep and goats,0
01050000,Live poultry,0
01060000,Other live animals,
02010000,"Meat of bovine animals, fresh/chilled",0
02020000,"Meat of bovine animals, frozen",0
02030000,"Meat of swine, fresh/chilled/frozen",0
02040000,Meat of sheep or goats,0
02050000,"Meat of horses/asses/mules, fresh etc.",
02060000,Edible offal of bovine/swine/sheep etc.,
02070000,Meat & offal of poultry,0
02080000,Other meat and edible offal,
02090000,"Pig fat/poultry fat, fresh etc.",
02100000,"Meat and edible offal, salted/in brine",
03010000,Live fish,5
03020000,"Fish, fresh or chilled",5
03030000,"Fish, frozen",5
03040000,"Fish fillets, fresh/chilled/frozen",5
03050000,"Fish, dried/salted/smoked",12
03060000,Crustaceans (live/fresh/chilled/frozen),
03070000,Molluscs (live/fresh/dried etc.),
03080000,Aquatic invertebrates,
04010000,"Milk and cream, not concentrated",
04011000,"Milk and cream, not concentrated, fat ≤1%",0
04012000,"Milk and cream, not concentrated, fat >1% ≤6%",0
04013000,"Milk and cream, not concentrated, fat >6%",0
04020000,"Milk and cream, concentrated",
04021000,"Milk powder, fat ≤1.5%",5
04022100,"Milk powder, not containing added sugar, fat >1.5%",5
04022900,"Other milk powder, fat >1.5%",5
04029100,"Other concentrated milk, not containing added sugar",5
04029900,Other concentrated milk,5
04030000,"Buttermilk, curd, lassi",
04040000,Whey,
04050000,Butter and other fats of milk,
04051000,Butter,12
04052000,Dairy spreads,12
04059000,Other butter and dairy fats,12
04060000,Cheese and curd,
04070000,"Birds' eggs, in shell",
04080000,"Birds' eggs, not in shell",
04090000,"Natural honey, in unit container",
04100000,Edible products of animal origin,
05010000,"Human hair, unworked",
05020000,Pigs'/hogs'/boars' bristles,
05040000,"Animal guts, bladders, stomachs",
05050000,Skins and other parts of birds,
05060000,Bones and horn-cores,
05070000,"Ivory, tortoise-shell, coral etc.",
05080000,Coral and similar materials,
05100000,"Ambergris, castoreum, civet etc.",
05110000,Animal products NEC,
06010000,"Bulbs, tubers, corms",0
06020000,Other live plants (incl. trees),0
06030000,Cut flowers,
06040000,"Foliage, branches for ornament",
07010000,"Potatoes, fresh or chilled",0
07020000,"Tomatoes, fresh or chilled",0
07030000,"Onions, shallots, garlic, leeks",0
07040000,"Cabbages, cauliflowers, kohlrabi",0
07050000,"Lettuce and chicory, fresh/chilled",0
07060000,"Carrots, turnips, salad beetroot",0
07070000,Cucumbers and gherkins,0
07080000,"Leguminous vegetables, fresh",0
07090000,"Other vegetables, fresh/chilled",0
07100000,Vegetables frozen,
07110000,Vegetables provisionally preserved,
07120000,Dried vegetables,
07130000,Dried leguminous vegetables,0
07140000,"Manioc, arrowroot, sweet potatoes",0
08010000,"Coconuts, Brazil nuts, cashews",5
08013200,"Cashew nuts, shelled",5
08020000,"Other tree nuts, fresh or dried",5
08030000,"Bananas (plantains), fresh/dried",0
08040000,"Dates, figs, pineapples, avocados",5
08050000,"Citrus fruit, fresh or dried",5
08060000,"Grapes, fresh or dried (raisins)",5
08070000,Melons (incl. watermelons) and papaws,5
08080000,"Apples, pears and quinces",5
08090000,"Apricots, cherries, peaches, plums",5
08100000,"Other fruit, fresh",5
08110000,"Fruit & nuts, frozen",
08130000,"Fruit, dried; mixtures of nuts/dried fruits",
08140000,Peel of citrus / melons,
09010000,"Coffee, whether/not roasted",5
09020000,"Tea, green or black",5
09030000,Mate,5
09040000,"Pepper, genus Piper (dried/crushed)",5
09050000,Vanilla,5
09060000,Cinnamon and cinnamon-tree flowers,5
09070000,"Cloves (whole fruit, cloves, stems)",5
09080000,"Nutmeg, mace, cardamoms",5
09090000,"Seeds of anise, badian, fennel etc.",5
09091100,Neither crushed nor ground anise seeds,5
09091200,Crushed or ground anise seeds,5
09092100,Cumin seeds,5
09092200,"Cumin seeds, crushed or ground",5
09093100,Neither crushed nor ground pepper,5
09093200,Crushed or ground pepper,5
09094100,Neither crushed nor ground dried pepper,5
09094200,Crushed or ground dried pepper,5
09095100,Neither crushed nor ground vanilla,5
09095200,Crushed or ground vanilla,5
09096100,Neither crushed nor ground cinnamon,5
09096200,Crushed or ground cinnamon,5
09100000,"Ginger, saffron, turmeric (curcuma)",5
10010000,Wheat and meslin,0
10011000,Durum wheat,0
10019000,Other wheat and meslin,0
10020000,Rye,0
10030000,Barley,0
10040000,Oats,0
10050000,Maize (corn),0
10060000,Rice,0
10061000,Rice in husk (paddy or rough),0
10062000,Husked (brown) rice,0
10063000,Semi-milled or wholly milled rice,0
10064000,Broken rice,0
10070000,Grain sorghum,0
10080000,"Buckwheat, millet and canary seed",0
11010000,"Wheat flour (branded, in unit container)",0
11020000,Cereal flours (other than wheat),0
11021000,Rye flour,0
11022000,Maize (corn) flour,0
11029000,"Other cereal flours (besan, ragi, bajra)",0
11030000,"Cereal groats, meal and pellets",0
11031100,Groats and meal of wheat,0
11031900,Groats and meal of other cereals,0
11040000,Cereal grains (worked),0
11041200,Rolled or flaked oats,0
11041900,Other rolled or flaked grains,0
11050000,Flour/meal/powder of potatoes,0
11060000,Flour/meal/powder of dried leguminous,0
11070000,Malt,
11080000,Starches; inulin,
11090000,Wheat gluten,
12010000,Soya beans,
12020000,Ground-nuts,
12030000,Copra,
12040000,Linseed,
12050000,Rape or colza seeds,
12060000,Sunflower seeds,
12070000,Other oil seeds and oleaginous fruits,
12080000,Flours and meals of oil seeds,
12090000,Seeds for sowing,
12100000,Hop cones,
12110000,Plants for perfumery/pharmacy,
12120000,"Locust beans, seaweeds, sugar beet",
12130000,Cereal straw and husks,
12140000,"Swedes, mangolds, forage roots",
13010000,"Lac, natural gums, resins",
13020000,Vegetable saps and extracts,
15010000,"Lard, other pig fat",
15020000,Fats of bovine/sheep/goats,
15030000,"Lard stearin, lard oil, oleostearin",
15040000,Fats/oils of fish/marine mammals,
15050000,Wool grease and fatty substances,
15060000,Other animal fats and oils,
15070000,Soya-bean oil and fractions,5
15080000,Ground-nut oil and fractions,5
15090000,Olive oil and fractions,5
15100000,Other oils from olives,
15110000,Palm oil and fractions,5
15120000,Sunflower / safflower / cotton-seed oil,5
15130000,Coconut / palm-kernel oil,5
15140000,Rape / colza / mustard oil,5
15150000,Other fixed vegetable fats and oils,5
15160000,"Animal/vegetable fats, hydrogenated",5
15170000,"Margarine, edible mixtures of fats",12
15180000,"Animal/vegetable fats, boiled/oxidised",
15200000,"Glycerol, crude",
15210000,Vegetable waxes (except triglycerides),
15220000,"Degras, residues from fat processing",
16010000,Sausages and similar products,
16020000,Other prepared/preserved meat,
16030000,Extracts and juices of meat/fish,
16040000,Prepared/preserved fish; caviar,
16050000,"Crustaceans/molluscs, prepared/preserved",
17010000,"Cane/beet sugar, chemically pure sucrose",5
17011100,Raw cane sugar,5
17011200,Raw cane sugar,5
17011300,"Cane sugar, other",5
17011400,Other raw beet sugar,5
17019100,Refined sugar containing flavouring,5
17019900,Other cane or beet sugar,5
17020000,"Other sugars: lactose, maltose, glucose",5
17030000,Molasses from extraction of sugar,0
17040000,Sugar confectionery (no cocoa),
18010000,"Cocoa beans, whole/broken",5
18020000,"Cocoa shells, husks, skins",5
18030000,Cocoa paste,5
18040000,"Cocoa butter, fat and oil",5
18050000,Cocoa powder,5
18060000,Chocolate and other food preparations with cocoa,18
19010000,Malt extract; food preparations of flour,18
19020000,"Pasta (macaroni, noodles, vermicelli)",18
19030000,Tapioca and substitutes,18
19040000,Prepared foods obtained by swelling cereals,18
19050000,"Bread, pastry, cakes, biscuits",18
19051000,Crispbread,18
19052000,Gingerbread and the like,18
19053000,Sweet biscuits; waffles and wafers — papad,5
19053100,Sweet biscuits,18
19053200,Waffles and wafers,18
19054000,"Rusks, toasted bread and similar",5
19056000,"Communion wafers, empty cachets, rice paper",18
19059000,"Others (bread, pastry, cakes)",18
20010000,"Vegetables, fruit, nuts prepared/preserved in vinegar",12
20011000,"Cucumbers and gherkins, prepared/preserved by vinegar",12
20019000,Other vegetables prepared/preserved by vinegar,12
20020000,Tomatoes prepared/preserved,12
20021000,"Tomatoes, whole or in pieces, prepared/preserved",12
20029000,Other prepared/preserved tomatoes,12
20030000,"Mushrooms and truffles, prepared",12
20031000,"Mushrooms of genus agaricus, prepared/preserved",12
20040000,"Other vegetables prepared/preserved, frozen",12
20041000,"Potatoes, prepared/preserved (frozen)",12
20049000,"Other vegetables, prepared/preserved (frozen)",12
20050000,"Other vegetables prepared, not frozen",12
20051000,"Homogenised vegetables, prepared/preserved",12
20052000,"Potatoes, prepared/preserved (not frozen)",12
20054000,"Peas, prepared/preserved (not frozen)",12
20055100,"Beans, shelled, prepared/preserved (not frozen)",12
20055900,"Other beans, prepared/preserved (not frozen)",12
20056000,"Asparagus, prepared/preserved (not frozen)",12
20057000,"Olives, prepared/preserved (not frozen)",12
20058000,"Sweet corn, prepared/preserved (not frozen)",12
20059100,"Bamboo shoots, prepared/preserved (not frozen)",12
20060000,"Vegetables, fruit, nuts — sugar-preserved",
20070000,"Jams, fruit jellies, marmalades",
20080000,"Fruit, nuts, other edible parts",
20090000,Fruit juices and vegetable juices,
21010000,"Extracts/essences of coffee, tea, mate",18
21020000,Yeasts (active/inactive); baking powder,18
21030000,Sauces and preparations; mixed condiments,12
21040000,Soups and broths and preparations,18
21041000,Soups and broths and preparations thereof,18
21042000,Homogenised composite food preparations,18
21050000,Ice cream and other edible ice,18
21060000,Food preparations NEC,18
21061000,Protein concentrates/textured protein,18
21069020,Pan masala not containing tobacco,18
22010000,"Waters, mineral waters (no sugar)",18
22011000,Mineral waters and aerated waters,18
22019000,Other waters (not sweetened/flavoured),0
22020000,Waters with sugar/flavour; lemonade,28
22021000,"Mineral/aerated water, sugar added",28
22029900,Other non-alcoholic beverages,28
22030000,Beer made from malt,28
22040000,Wine of fresh grapes,0
22050000,Vermouth,0
22070000,"Ethyl alcohol, undenatured >=80%",
22080000,"Spirits, liqueurs, other spirituous",
22090000,Vinegar and substitutes,
23010000,Flours/meals/pellets of meat/fish,
23020000,"Bran, sharps and other residues",
23030000,Residues from starch manufacture,
23040000,Oilcake of soya-bean,
23050000,Oilcake of ground-nut,
23060000,Oil-cake of other vegetable fats,
23070000,Wine lees; argol,
23080000,Vegetable materials for animal feeding,
23090000,Preparations for animal feeding,
24010000,Unmanufactured tobacco,28
24020000,"Cigars, cheroots, cigarillos, cigarettes",28
24030000,Other manufactured tobacco,28
25010000,"Salt (including salt in brine, denatured)",0
25020000,Unroasted iron pyrites,0
25030000,Sulphur of all kinds,0
25040000,Natural graphite,
25050000,Natural sands,
25060000,Quartz; quartzite,
25070000,Kaolin and other kaolinic clays,
25080000,Other clays,
25090000,Chalk,
25100000,Natural calcium phosphates,
25110000,Natural barium sulphate (barytes),
25120000,Siliceous fossil meals (kieselguhr),
25130000,Pumice stone; emery; abrasives,
25140000,Slate,
25150000,"Marble, travertine, ecaussine",
25160000,"Granite, porphyry, basalt, sandstone",
25170000,"Pebbles, gravel, broken stone",
25180000,Dolomite,
25190000,Natural magnesium carbonate (magnesite),
25200000,Gypsum; anhydrite; plasters,
25210000,Limestone flux; limestone for cement,
25220000,"Quicklime, slaked lime, hydraulic lime",
25230000,"Portland cement, aluminous cement",28
25240000,Asbestos,
25250000,"Mica, including mica waste",
25260000,Natural steatite (talc),
25280000,Natural borates and concentrates,
25290000,Feldspar; leucite; nepheline,
25300000,Mineral substances NEC,
26010000,Iron ores and concentrates,
26020000,Manganese ores and concentrates,
26030000,Copper ores and concentrates,
26040000,Nickel ores and concentrates,
26050000,Cobalt ores and concentrates,
26060000,Aluminium ores and concentrates,
26070000,Lead ores and concentrates,
26080000,Zinc ores and concentrates,
26090000,Tin ores and concentrates,
26100000,Chromium ores and concentrates,
26110000,Tungsten ores and concentrates,
26130000,Molybdenum ores and concentrates,
26140000,Titanium ores and concentrates,
26150000,"Niobium, tantalum, vanadium ores",
26160000,Precious metal ores and concentrates,
26170000,Other ores and concentrates,
26180000,Granulated slag from iron/steel,
26190000,Slag from iron/steel manufacture,
26200000,"Slag, ash and residues (metals)",
26210000,Other slag and ash,
27010000,"Coal; briquettes, ovoids of coal",
27020000,Lignite (brown coal),
27030000,Peat (including peat litter),
27040000,Coke and semi-coke of coal,
27050000,"Coal gas, water gas, producer gas",
27060000,Tar distilled from coal/lignite,
27070000,Oils and other products of coal tar,
27080000,Pitch and pitch coke from coal tar,
27090000,"Petroleum oils, crude",0
27100000,"Petroleum oils, not crude",0
27101200,Motor spirit (petrol),0
27101900,Other petroleum oils,0
27110000,Petroleum gases,0
27111200,LPG for commercial use,0
27120000,Petroleum jelly; paraffin wax,
27130000,Petroleum coke,
27140000,Bitumen and asphalt,
27150000,Bituminous mixtures,
27160000,Electrical energy,
28010000,"Fluorine, chlorine, bromine, iodine",
28020000,"Sulphur, sublimed/precipitated",
28030000,Carbon (carbon blacks etc.),
28040000,"Hydrogen, rare gases, other non-metals",
28050000,Alkali/alkaline-earth metals,
28060000,Hydrogen chloride; chlorosulphuric acid,
28070000,Sulphuric acid; oleum,
28080000,Nitric acid; sulphonitric acids,
28090000,Diphosphorus pentaoxide; phosphoric acid,
28100000,Oxides of boron; boric acids,
28110000,Other inorganic acids,
28120000,Halides and halide oxides of non-metals,
28130000,Sulphides of non-metals,
28140000,"Ammonia, anhydrous/in aqueous solution",
28150000,Sodium hydroxide (caustic soda),
28160000,Hydroxide/peroxide of magnesium,
28170000,Zinc oxide; zinc peroxide,
28180000,Artificial corundum; aluminium oxide,
28190000,Chromium oxides and hydroxides,
28200000,Manganese oxides,
28210000,Iron oxides and hydroxides,
28220000,Cobalt oxides and hydroxides,
28230000,Titanium oxides,
28240000,Lead oxides; red lead and orange lead,
28250000,Hydrazine; hydroxylamine; inorganic bases,
28260000,Fluorides; fluorosilicates,
28270000,Chlorides; chloride oxides,
28280000,Hypochlorites; chlorates,
28290000,Chlorates and perchlorates,
28300000,Sulphides; polysulphides,
28310000,Dithionites and sulphoxylates,
28320000,Sulphites; thiosulphates,
28330000,Sulphates; alums; peroxosulphates,
28340000,Nitrites; nitrates,
28350000,Phosphinates; phosphonates; phosphates,
28360000,Carbonates; peroxocarbonates; ammonium carbamate,
28370000,Cyanides; cyanide oxides; complex cyanides,
28390000,Silicates; commercial alkali metal silicates,
28400000,Borates; peroxoborates,
28410000,Salts of oxometallic/peroxometallic acids,
28420000,Other salts of inorganic acids,
28430000,Colloidal precious metals,
28440000,Radioactive chemical elements,
28450000,Isotopes and compounds,
28460000,Inorganic/organic compounds of rare-earth metals,
28470000,Hydrogen peroxide,
28490000,Carbides,
28500000,"Hydrides, nitrides, azides etc.",
28510000,Other inorganic compounds,
29010000,Acyclic hydrocarbons,
29020000,Cyclic hydrocarbons,
29030000,Halogenated derivatives of hydrocarbons,
29040000,Sulphonated/nitrated/nitrosated hydrocarbons,
29050000,"Acyclic alcohols (methanol, ethanol etc.)",
29060000,Cyclic alcohols,
29070000,Phenols; phenol-alcohols,
29080000,Halogenated derivatives of phenols,
29090000,"Ethers, ether-alcohols, ether-phenols",
29100000,"Epoxides, epoxyalcohols, epoxyphenols",
29110000,Acetals and hemiacetals,
29120000,Aldehydes,
29130000,Halogenated derivatives of aldehydes,
29140000,Ketones and quinones,
29150000,Saturated acyclic monocarboxylic acids,
29160000,Unsaturated acyclic monocarboxylic acids,
29170000,Polycarboxylic acids,
29180000,Carboxylic acids with additional oxygen,
29190000,Phosphoric esters and salts,
29200000,Esters of other inorganic acids,
29210000,Amine-function compounds,
29220000,Amino-compounds with oxygen function,
29230000,Quaternary ammonium salts/hydroxides,
29240000,Carboxyamide-function compounds,
29250000,Carboxyimide-function compounds,
29260000,Nitrile-function compounds,
29270000,"Diazo-, azo- or azoxy-compounds",
29280000,Organic derivatives of hydrazine,
29290000,Compounds with other nitrogen function,
29300000,Organo-sulphur compounds,
29310000,Other organo-inorganic compounds,
29320000,Heterocyclic compounds (oxygen),
29330000,Heterocyclic compounds (nitrogen),
29340000,Nucleic acids and salts,
29350000,Sulphonamides,
29360000,Provitamins and vitamins,
29370000,Hormones and related compounds,
29380000,Glycosides (natural/synthetic),
29390000,Alkaloids (natural/synthetic),
29400000,"Sugars, chemically pure",
29410000,Antibiotics,
29420000,Other organic compounds,
30010000,Glands and organs for organo-therapeutic use,0
30020000,Human blood; animal blood; vaccines,5
30030000,Medicaments (not in dosage form),12
30040000,Medicaments in measured doses (retail),12
30041000,Medicaments containing penicillins,12
30042000,Medicaments containing antibiotics,12
30043100,Medicaments containing insulin,12
30043200,Medicaments containing corticosteroid hormones,12
30043900,Other medicaments containing hormones,12
30044100,Medicaments containing ephedrine,12
30044900,Other medicaments,12
30045000,Medicaments containing vitamins,12
30046000,Medicaments for dental use,12
30049000,Other medicaments,12
30050000,"Wadding, gauze, bandages",12
30060000,Pharmaceutical goods (blood grouping etc.),12
31010000,Animal/vegetable fertilizers,
31020000,"Mineral/chemical fertilizers, nitrogenous",
31030000,"Mineral/chemical fertilizers, phosphatic",
31040000,"Mineral/chemical fertilizers, potassic",
31050000,Mineral/chemical fertilizers NEC,
32010000,Tanning extracts of vegetable origin,
32020000,Synthetic organic tanning substances,
32030000,Colouring matter of vegetable/animal origin,
32040000,Synthetic organic colouring matter,
32050000,Colour lakes; preparations based thereon,
32060000,Other colouring matter; luminophores,
32070000,"Prepared pigments, opacifiers, colours for ceramics",
32080000,Paints and varnishes in non-aqueous medium,
32090000,Paints and varnishes in aqueous medium,
32100000,Other paints and varnishes,
32110000,Prepared driers,
32120000,Pigments (incl. metallic powder) in media,
32130000,"Artists'/students' colours, paints",
32140000,Glaziers' putty; grafting putty; caulking,
32150000,"Printing ink, writing/drawing ink",
33010000,Essential oils (incl. concretes and absolutes),18
33020000,Mixtures of odoriferous substances,18
33030000,Perfumes and toilet waters,28
33040000,Beauty/skin-care preparations,28
33041000,Lip make-up preparations,28
33042000,Eye make-up preparations,28
33043000,Manicure or pedicure preparations,28
33049100,Powders for face/skin,28
33049900,Other beauty/make-up preparations,28
33050000,Preparations for hair,28
33051000,Shampoos,28
33052000,Preparations for permanent waving/straightening,28
33053000,Hair lacquers,28
33059000,Other hair preparations,28
33060000,Oral/dental hygiene preparations,28
33061000,Dentifrices (toothpaste),28
33069000,Other oral/dental hygiene preparations,12
33070000,"Pre-shave, shaving/after-shave preparations",28
33071000,Pre-shave and shaving preparations,28
33072000,Personal deodorants and antiperspirants,28
33073000,Perfumed bath salts and other bath preparations,28
33074100,Agarbatti and other odoriferous preparations,12
33074900,Other preparations for perfuming rooms,28
33079000,Other toiletry preparations,28
33080000,Agarbatti and other odoriferous preparations,
34010000,"Soap, organic surface-active products",18
34011100,Soap for toilet use (incl. medicated),18
34011900,"Other soaps, surface-active products",18
34012000,Soap in other forms,18
34013000,Organic surface-active products for skin care,18
34020000,Organic surface-active agents; preparations,18
34021100,Anionic organic surface-active agents,18
34021200,Cationic organic surface-active agents,18
34021300,Non-ionic organic surface-active agents,18
34021900,Other organic surface-active agents,18
34022000,Preparations put up for retail sale (detergents),18
34029000,Other washing/cleaning preparations,18
34030000,Lubricating preparations,
34040000,Artificial waxes; prepared waxes,
34050000,"Polishes/creams for footwear, furniture",
34060000,"Candles, tapers and similar",
34070000,Modelling pastes; dental waxes,
35010000,"Casein, caseinates and other casein derivatives",
35020000,"Albumins, albuminates and other albumin derivatives",
35030000,Gelatin and gelatin derivatives,
35040000,Peptones and their derivatives; other protein substances,
35050000,Dextrins and other modified starches; glues,
35060000,Prepared glues and other prepared adhesives,
35070000,Enzymes; prepared enzymes NEC,
36010000,Propellent powders,
36020000,Prepared explosives (other than propellent powder),
36030000,Safety fuses; detonating fuses; caps,
36040000,"Fireworks, signalling flares, fog signals",
36050000,Matches,
36060000,Ferro-cerium and pyrophoric alloys,
37010000,Photographic plates and film (flat),
37020000,Photographic film in rolls (light-sensitive),
37030000,"Photographic paper, paperboard and textiles",
37040000,"Photographic plates, developed (no pictures)",
37050000,"Photographic plates/film (developed, with pictures)",
37060000,"Motion-picture film, exposed/developed",
37070000,Chemical preparations for photographic use,
38010000,Artificial graphite; colloidal/semi-colloidal graphite,
38020000,Activated carbon; activated natural mineral products,
38030000,"Tall oil, crude or refined",
38040000,Residual lyes from wood pulp manufacture,
38050000,"Gum, wood or sulphate turpentine",
38060000,Rosin and resin acids,
38070000,Wood tar; wood tar oils; vegetable pitch,
38080000,"Insecticides, rodenticides, fungicides, herbicides",
38090000,"Finishing agents, dye carriers used in textile",
38100000,Pickling preparations for metal surfaces,
38110000,"Anti-knock preparations, antioxidants (for petroleum)",
38120000,Prepared rubber accelerators; plasticisers,
38130000,Preparations and charges for fire-extinguishers,
38140000,Organic composite solvents and thinners,
38150000,"Reaction initiators, accelerators, catalysts",
38160000,"Refractory cements, mortars, concretes",
38170000,Mixed alkylbenzenes,
38180000,Chemical elements for electronics (doped silicon etc.),
38190000,Hydraulic brake fluids and anti-freeze,
38200000,Anti-freeze preparations and de-icing fluids,
38210000,Prepared culture media for micro-organisms,
38220000,Diagnostic/laboratory reagents,
38230000,Industrial monocarboxylic fatty acids,
38240000,Prepared binders for foundry moulds,
38250000,Residual products of chemical industry,
39010000,"Polymers of ethylene, in primary forms",18
39020000,"Polymers of propylene, in primary forms",18
39030000,"Polymers of styrene, in primary forms",18
39040000,Polymers of vinyl chloride (PVC),18
39050000,Polymers of vinyl acetate,18
39060000,Acrylic polymers in primary forms,18
39070000,"Polyacetals, other polyethers, epoxide resins",18
39080000,Polyamides in primary forms,18
39090000,Amino-resins; phenolic resins; polyurethanes,18
39100000,Silicones in primary forms,18
39110000,"Petroleum resins, coumarone-indene resins",
39120000,Cellulose and its chemical derivatives,
39130000,Natural polymers (modified) — alginic acid etc.,
39140000,Ion-exchangers based on polymers,
39150000,"Waste, parings and scrap of plastics",
39160000,"Monofilament >1mm, rods/sticks of plastics",
39170000,"Tubes, pipes and hoses of plastics",
39180000,Floor/wall/ceiling coverings of plastics,
39190000,Self-adhesive plates/sheets of plastics,
39200000,Other plates/sheets/film/foil of plastics,
39210000,Other plates/sheets/film/foil (cellular),
39220000,"Baths, showers, sinks, basins of plastics",
39230000,Articles for conveyance/packing of goods,
39240000,"Tableware, kitchenware, household articles",
39250000,Builders' ware of plastics NEC,
39260000,Other articles of plastics,
40010000,"Natural rubber, balata, gutta-percha",
40020000,Synthetic rubber and factice from oils,
40030000,Reclaimed rubber in primary forms,
40040000,"Waste, parings, scrap of rubber",
40050000,"Compounded rubber, unvulcanised",
40060000,Other forms of unvulcanised rubber,
40070000,Vulcanised rubber thread and cord,
40080000,"Plates, sheets, strip of vulcanised rubber",
40090000,"Tubes, pipes of vulcanised rubber",
40100000,Conveyor belts of vulcanised rubber,
40110000,"New pneumatic tyres, rubber",
40120000,Retreaded or used pneumatic tyres,
40130000,"Inner tubes, of rubber",
40140000,Hygienic or pharmaceutical articles of vulcanised rubber,
40150000,"Gloves, mittens and mitts of vulcanised rubber",
40160000,Other articles of vulcanised rubber (soft),
40170000,Hard rubber (ebonite) in all forms,
41010000,Raw hides/skins of bovine/equine animals,
41020000,Raw skins of sheep or lambs,
41030000,Other raw hides and skins,
41040000,Tanned/crust hides and skins of bovine,
41050000,Tanned/crust skins of sheep/lambs,
41060000,Tanned/crust hides of other animals,
41070000,Leather further prepared after tanning (bovine),
41080000,Chamois leather,
41090000,Patent leather; patent laminated leather,
41100000,Composition leather,
41110000,Parings and other waste of leather,
42010000,Saddlery and harness for animals,
42020000,"Trunks, suitcases, handbags, wallets",
42030000,Articles of apparel and clothing accessories of leather,
42040000,Articles of leather for machinery/mechanical use,
42050000,Other articles of leather or composition leather,
42060000,"Articles of gut, goldbeater's skin, bladders",
43010000,Raw furskins,
43020000,Tanned or dressed furskins,
43030000,Articles of apparel/accessories of furskin,
43040000,Artificial fur and articles thereof,
44010000,Fuel wood; wood in chips; sawdust,
44020000,Wood charcoal,
44030000,Wood in the rough (logs),
44040000,Hoopwood; split poles; wooden stakes,
44050000,Wood wool; wood flour,
44060000,Railway/tramway sleepers (ties) of wood,
44070000,"Wood sawn or chipped lengthwise, sliced",
44080000,"Sheets for veneering, for plywood",
44090000,Wood (incl. strips/friezes) continuously shaped,
44100000,"Particle board, waferboard of wood",
44110000,Fibreboard of wood or other ligneous materials,
44120000,"Plywood, veneered panels, similar laminated wood",
44130000,"Densified wood in blocks, plates, strips",
44140000,"Wooden frames for paintings, photographs etc.",
44150000,"Packing cases, boxes, crates, drums of wood",
44160000,"Casks, barrels, vats, tubs of wood",
44170000,"Tools, tool bodies, tool handles of wood",
44180000,Builders' joinery and carpentry of wood,
44190000,Tableware and kitchenware of wood,
44200000,Wood marquetry; caskets; statuettes of wood,
44210000,Other articles of wood,
48010000,Newsprint in rolls or sheets,12
48020000,Uncoated paper for writing/printing,12
48030000,"Toilet paper, facial tissue paper",12
48040000,Uncoated kraft paper and paperboard,12
48050000,Other uncoated paper and paperboard,12
48060000,Vegetable parchment; greaseproof papers,
48070000,Composite paper and paperboard,
48080000,"Paper and paperboard, corrugated/creped/embossed",
48090000,"Carbon paper, self-copy paper",
48100000,Coated paper/paperboard for writing/printing,
48110000,"Paper/paperboard, surface-decorated",
48120000,Filter blocks/slabs/plates of paper pulp,
48130000,Cigarette paper,
48140000,Wallpaper and similar wall coverings,
48150000,Floor coverings on a base of paper,
48160000,"Carbon paper, self-copy paper (not ch.49)",
48170000,Envelopes; letter cards; postcards (blank),
48180000,"Toilet paper rolls, handkerchiefs of paper",
48190000,"Cartons, boxes, cases of paper",
48200000,"Registers, account books, notebooks",
48210000,Paper/paperboard labels (all kinds),
48220000,"Bobbins, spools, cops of paper",
48230000,"Other paper, paperboard, articles of paper pulp",
49010000,"Printed books, brochures, leaflets",
49020000,"Newspapers, journals, periodicals",
49030000,Children's picture books; drawing/colouring books,
49040000,"Music, printed or in manuscript",
49050000,Maps and hydrographic charts,
49060000,Plans and drawings for architectural/industrial use,
49070000,Unused postage/revenue stamps; cheque forms,
49080000,Transfers (decalcomanias),
49090000,Printed or illustrated postcards,
49100000,Printed calendars,
49110000,Other printed matter (trade catalogues etc.),
50010000,Silkworm cocoons suitable for reeling,
50020000,Raw silk (not thrown),
50030000,Silk waste,
50040000,Silk yarn (other than from waste),
50050000,Yarn spun from silk waste,
50060000,Silk yarn and yarn spun from silk waste (retail),
50070000,Woven fabrics of silk or silk waste,
51010000,"Wool, not carded or combed",
51020000,"Fine/coarse animal hair, not carded/combed",
51050000,"Wool/animal hair, carded or combed",
51060000,"Yarn of carded wool, not put up for retail",
51070000,"Yarn of combed wool, not put up for retail",
51080000,Yarn of fine animal hair,
51090000,"Yarn of wool or fine animal hair, for retail",
51110000,Woven fabrics of carded wool,
51120000,Woven fabrics of combed wool,
52010000,"Cotton, not carded or combed",
52020000,Cotton waste,
52030000,"Cotton, carded or combed",
52040000,Cotton sewing thread,
52050000,Cotton yarn (other than sewing thread),
52060000,"Cotton yarn (other, for retail)",
52070000,Cotton yarn put up for retail sale,
52080000,Woven fabrics of cotton (<=200g/m²),
52090000,Woven fabrics of cotton (>200g/m²),
52100000,"Woven fabrics of cotton (<85%, mixed w/ man-made fibres)",
52110000,"Woven fabrics of cotton (>200g, mixed w/ man-made)",
52120000,Other woven fabrics of cotton,
53010000,"Flax, raw or processed but not spun",
53020000,"True hemp, raw or processed but not spun",
53050000,"Coconut, abaca, ramie, other vegetable fibres",
53060000,Flax yarn,
53070000,Yarn of jute or other textile bast fibres,
53080000,Yarn of other vegetable textile fibres; paper yarn,
53090000,Woven fabrics of flax,
53100000,Woven fabrics of jute or other textile bast fibres,
53110000,Woven fabrics of other vegetable textile fibres,
54010000,Sewing thread of man-made filaments,
54020000,Synthetic filament yarn,
54030000,Artificial filament yarn (other than sewing thread),
54040000,Synthetic monofilament >= 67 decitex,
54050000,Artificial monofilament >= 67 decitex,
54060000,Man-made filament yarn (retail),
54070000,Woven fabrics of synthetic filament yarn,
54080000,Woven fabrics of artificial filament yarn,
55010000,Synthetic filament tow,
55020000,Artificial filament tow,
55030000,"Synthetic staple fibres, not carded/combed",
55040000,"Artificial staple fibres, not carded/combed",
55050000,"Waste (incl. noils, yarn waste) of man-made fibres",
55060000,"Synthetic staple fibres, carded/combed",
55070000,"Artificial staple fibres, carded/combed",
55080000,Sewing thread of man-made staple fibres,
55090000,Yarn of synthetic staple fibres (other than sewing),
55100000,Yarn of artificial staple fibres,
55110000,"Yarn of man-made staple fibres, for retail",
55120000,Woven fabrics of synthetic staple fibres >=85%,
55130000,Woven fabrics of synthetic staple fibres <85%,
55140000,Woven fabrics of synthetic staple fibres (>200g),
55150000,Other woven fabrics of synthetic staple fibres,
55160000,Woven fabrics of artificial staple fibres,
56010000,Wadding of textile materials; textile fibres,
56020000,"Felt, not impregnated/coated/covered",
56030000,Nonwovens,
56040000,"Rubber thread and cord, textile covered",
56050000,Metallised yarn,
56060000,Gimped yarn; chenille yarn; loop wale-yarn,
56070000,"Twine, cordage, ropes and cables",
56080000,Knotted netting; made-up fishing nets,
56090000,"Articles of yarn, strip, twine, rope etc.",
57010000,Carpets and other floor coverings of wool (knotted),
57020000,"Carpets/floor coverings of textile materials, woven",
57030000,"Carpets/floor coverings of textile, tufted",
57040000,Carpets/floor coverings of felt,
57050000,Other carpets and floor coverings of textile,
58010000,"Woven pile fabrics (velvet, corduroy etc.)",
58020000,Terry towelling; tufted textile fabrics,
58030000,Gauze (other than narrow fabrics),
58040000,Tulles and other net fabrics; lace,
58050000,Hand-woven tapestries (Gobelin etc.),
58060000,Narrow woven fabrics,
58070000,"Labels, badges and similar of textile",
58080000,Braids; ornamental trimmings,
58090000,Woven fabrics of metal thread,
58100000,"Embroidery in the piece, strips or motifs",
58110000,Quilted textile products in the piece,
59010000,Textile fabrics coated with gum (book-binding cloth),
59020000,Tyre cord fabric of high tenacity yarn,
59030000,Textile fabrics impregnated/coated with plastics,
59040000,Linoleum; floor coverings with textile backing,
59050000,Textile wall coverings,
59060000,Rubberised textile fabrics,
59070000,Textile fabrics otherwise impregnated,
59080000,"Textile wicks for lamps, stoves, lighters etc.",
59090000,Textile hose piping and similar textile tubing,
59100000,Transmission/conveyor belts of textile material,
59110000,Textile products for technical uses,
60010000,"Pile fabrics (incl. long pile, terry), knitted",
60020000,Knitted/crocheted fabrics (width <= 30cm),
60030000,"Knitted/crocheted fabrics (width <= 30cm, other)",
60040000,"Knitted/crocheted fabrics (width > 30cm, >=5% elastomeric)",
60050000,Warp knit fabrics (incl. made on galloon machines),
60060000,Other knitted or crocheted fabrics,
61010000,"Men's overcoats, car-coats, cloaks (knitted)",5
61020000,"Women's overcoats, car-coats, cloaks (knitted)",5
61030000,"Men's suits, ensembles, jackets (knitted)",5
61040000,"Women's suits, ensembles, jackets (knitted)",5
61050000,Men's shirts (knitted/crocheted),5
61060000,"Women's blouses, shirts (knitted)",5
61070000,"Men's underpants, briefs, nightwear (knitted)",5
61080000,"Women's slips, underpants, nightwear (knitted)",5
61090000,"T-shirts, singlets and other vests (knitted)",5
61100000,"Jerseys, pullovers, sweatshirts, waistcoats (knitted)",5
61110000,Babies' garments and clothing accessories (knitted),5
61120000,"Track suits, ski suits, swimwear (knitted)",5
61130000,Garments of impregnated/coated knitted fabric,
61140000,Other garments (knitted),
61150000,"Panty hose, tights, stockings (knitted)",
61160000,"Gloves, mittens, mitts (knitted)",
61170000,Other made-up clothing accessories (knitted),
62010000,"Men's overcoats, car-coats (not knitted)",5
62020000,Women's overcoats (not knitted),5
62030000,"Men's suits, ensembles, jackets (not knitted)",5
62040000,"Women's suits, ensembles, jackets (not knitted)",5
62050000,Men's shirts (not knitted),5
62060000,Women's blouses (not knitted),5
62070000,"Men's singlets, briefs, nightwear (not knitted)",
62080000,"Women's singlets, slips, nightwear (not knitted)",
62090000,Babies' garments (not knitted),
62100000,Garments of impregnated/coated fabrics,
62110000,"Track suits, ski suits, swimwear (not knitted)",
62120000,"Brassieres, girdles, corsets, braces (not knitted)",
62130000,Handkerchiefs,
62140000,"Shawls, scarves, mufflers, mantillas",
62150000,"Ties, bow ties, cravats",
62160000,"Gloves, mittens and mitts",
62170000,Other made-up clothing accessories (not knitted),
63010000,Blankets and travelling rugs,0
63020000,"Bed linen, table linen, toilet linen",12
63030000,"Curtains, drapes, interior blinds",12
63040000,Other furnishing articles (not mattress),12
63050000,Sacks and bags for packing of goods,5
63060000,"Tarpaulins, awnings, sunblinds; tents; sails",
63070000,Other made-up articles (incl. dress patterns),
63080000,Sets of woven fabric and yarn for making rugs,
63090000,Worn clothing and other worn articles,
63100000,"Used/new rags, scrap twine, worn-out cordage",
64010000,Waterproof footwear with outer sole of rubber/plastics,18
64020000,Footwear with outer sole/upper of rubber <=Rs.500,5
64021100,"Ski-boots, cross-country ski footwear and snowboard boots with outer soles/uppers of rubber or plastics",18
64021900,Other sports footwear with outer soles and uppers of rubber or plastics,18
64029100,Footwear covering the ankle with outer soles/uppers of rubber or plastics,18
64029900,Other footwear with outer soles and uppers of rubber or plastics,18
64030000,Footwear with outer soles of rubber; uppers of leather,18
64031200,"Ski-boots, cross-country ski footwear, snowboard boots - leather uppers",18
64031900,Other sports footwear with upper of leather,18
64039100,Footwear covering the ankle with upper of leather,18
64039900,Other footwear with upper of leather,18
64040000,Footwear with outer soles of rubber; uppers of textile,18
64041100,"Sports footwear with outer soles of rubber or plastics, uppers of textile materials",18
64041900,"Other footwear with outer soles of rubber or plastics, uppers of textile",5
64042000,"Footwear with outer soles of leather or composition leather, uppers of textile",18
64050000,Other footwear,18
64051000,Footwear with upper of leather or composition leather,18
64052000,Footwear with upper of textile materials,18
64059000,Other footwear,18
64060000,"Parts of footwear; insoles, heel cushions",
65010000,"Hat-forms, hat bodies, hoods of felt",
65020000,"Hat shapes, plaited or made from strips",
65040000,"Hats and other headgear, plaited or assembled",
65050000,"Hats and other headgear, knitted or made from lace",
65060000,"Other headgear (safety helmets, hard hats etc.)",
65070000,"Head-bands, linings, covers, hat foundations",
68010000,"Setts, curbstones and flagstones of natural stone",
68020000,Worked monumental/building stone,
68030000,Worked slate,
68040000,"Millstones, grindstones, grinding wheels",
68050000,Natural/artificial abrasive powder on base,
68060000,"Slag wool, rock wool, mineral wools",
68070000,Articles of asphalt or bitumen,
68080000,"Panels, boards, tiles of vegetable fibre",
68090000,Articles of plaster/compositions based on plaster,
68100000,"Articles of cement, concrete or artificial stone",
68110000,Articles of asbestos-cement,
68120000,Fabricated asbestos fibres; mixtures with asbestos,
68130000,Friction material (brake pads etc.),
68140000,Worked mica and articles of mica,
68150000,Articles of stone or other mineral substances NEC,
69010000,"Bricks, blocks, tiles of siliceous fossil meals",
69020000,"Refractory bricks, blocks, tiles, ceramics",
69030000,Other refractory ceramic goods,
69040000,Ceramic building bricks,
69050000,"Roofing tiles, chimney-pots, cowls (ceramic)",
69060000,"Ceramic pipes, conduits, guttering",
69070000,Unglazed ceramic flags and paving (floor tiles),
69080000,Glazed ceramic flags and paving (tiles),
69090000,Ceramic wares for laboratory/chemical use,
69100000,"Ceramic sinks, washbasins, baths, toilets",
69110000,"Tableware, kitchenware of porcelain/china",
69120000,Ceramic tableware/kitchenware (other than porcelain),
69130000,Statuettes and ornamental ceramic articles,
69140000,Other ceramic articles,
70010000,Cullet and other waste/scrap of glass,
70020000,"Glass in balls, rods, tubes (not worked)",
70030000,Cast glass and rolled glass in sheets/profiles,
70040000,Drawn glass and blown glass in sheets,
70050000,Float glass in sheets,
70060000,Glass curved/bent/ground/polished,
70070000,"Safety glass (toughened, laminated)",
70080000,Multiple-walled insulating units of glass,
70090000,Glass mirrors (framed or not),
70100000,"Carboys, bottles, flasks, jars of glass",
70110000,"Glass envelopes (bulbs, tubes) for electric lamps",
70120000,Glass inners for vacuum flasks,
70130000,"Glassware for table, kitchen, toiletry",
70140000,Signalling glassware; optical glass elements,
70150000,Clock/watch glasses; curved hollow glasses,
70160000,"Paving blocks, slabs, bricks of glass",
70170000,Laboratory/hygiene/pharmacy glassware,
70180000,"Glass beads, imitation pearls, glass eyes",
70190000,Glass fibres (incl. glass wool),
70200000,Other articles of glass,
71010000,"Pearls, natural or cultured",
71020000,Diamonds (worked or not),
71030000,Precious/semi-precious stones (not diamonds),
71040000,Synthetic/reconstructed precious stones,
71050000,Dust and powder of precious/semi-precious stones,
71060000,Silver (unwrought/semi-manufactured),
71070000,Base metals clad with silver,
71080000,Gold (unwrought/semi-manufactured),
71090000,Base metals/silver clad with gold,
71100000,Platinum (unwrought or semi-manufactured),
71110000,Base metals/silver/gold clad with platinum,
71120000,Waste and scrap of precious metal/metal clad,
71130000,Articles of jewellery and parts (precious metal),
71140000,Articles of goldsmiths'/silversmiths' wares,
71150000,Other articles of precious metal,
71160000,Articles of natural/cultured pearls; precious stones,
71170000,Imitation jewellery,
71180000,Coin,
72010000,Pig iron and spiegeleisen in pigs/blocks,
72020000,Ferro-alloys,
72030000,Ferrous products obtained by direct reduction,
72040000,Ferrous waste and scrap,
72050000,Granules and powders of pig/spiegeleisen,
72060000,Iron and non-alloy steel in ingots (primary forms),
72070000,Semi-finished products of iron/non-alloy steel,
72080000,"Flat-rolled products of iron, width >= 600mm (hot-rolled)",
72090000,"Flat-rolled products of iron, width >= 600mm (cold-rolled)",
72100000,"Flat-rolled products, plated or coated",
72110000,"Flat-rolled products, width < 600mm (not clad)",
72120000,"Flat-rolled products, clad/plated/coated (< 600mm)",
72130000,"Bars and rods of iron/non-alloy steel (hot-rolled, coiled)",
72140000,Other bars and rods of iron/non-alloy steel,
72150000,"Other bars and rods of iron/non-alloy steel, NEC",
72160000,"Angles, shapes and sections of iron/non-alloy steel",
72170000,Wire of iron or non-alloy steel,
72180000,Stainless steel in ingots/primary forms,
72190000,"Flat-rolled products of stainless steel, >= 600mm",
72200000,"Flat-rolled products of stainless steel, < 600mm",
72210000,Bars and rods of stainless steel (hot-rolled coiled),
72220000,Other bars/rods/angles of stainless steel,
72230000,Wire of stainless steel,
72240000,Other alloy steel in ingots/primary forms,
72250000,Flat-rolled products of other alloy steel >= 600mm,
72260000,Flat-rolled products of other alloy steel < 600mm,
72270000,Bars and rods of other alloy steel (hot-rolled coiled),
72280000,Other bars/rods/hollow profiles of other alloy steel,
72290000,Wire of other alloy steel,
73010000,Sheet piling of iron/steel; welded angles,
73020000,Railway/tramway track construction material,
73030000,"Tubes, pipes and hollow profiles of cast iron",
73040000,"Tubes, pipes and hollow profiles (seamless)",
73050000,"Other tubes and pipes (welded, > 406.4mm OD)",
73060000,"Other tubes, pipes and hollow profiles",
73070000,Tube/pipe fittings of iron/steel,
73080000,Structures and parts of iron/steel,
73090000,"Reservoirs, tanks, vats of iron/steel (> 300 litres)",
73100000,"Tanks, casks, drums of iron/steel (<= 300 litres)",
73110000,Containers for compressed/liquefied gas,
73120000,"Stranded wire, ropes, cables of iron/steel",
73130000,Barbed wire of iron/steel; twisted hoop,
73140000,"Cloth, grill, netting of iron/steel wire",
73150000,"Chain and parts thereof, of iron/steel",
73160000,"Anchors, grapnels and parts of iron/steel",
73170000,"Nails, tacks, drawing pins, staples of iron/steel",
73180000,"Screws, bolts, nuts, washers of iron/steel",
73190000,"Sewing needles, knitting needles, crochet hooks",
73200000,Springs and leaves for springs of iron/steel,
73210000,"Stoves, ranges, grates, cookers of iron/steel",
73220000,"Radiators for central heating, not electrically heated",
73230000,Table/kitchen/household articles of iron/steel,
73240000,Sanitary ware and parts of iron/steel,
73250000,Other cast articles of iron/steel,
73260000,Other articles of iron/steel,
74010000,Copper mattes; cement copper (precipitate),
74020000,Unrefined copper; copper anodes for electrolytic refining,
74030000,Refined copper and copper alloys (unwrought),
74040000,Copper waste and scrap,
74050000,Master alloys of copper,
74060000,Copper powders and flakes,
74070000,"Copper bars, rods and profiles",
74080000,Copper wire,
74090000,"Copper plates, sheets and strip",
74100000,Copper foil,
74110000,Copper tubes and pipes,
74120000,Copper tube or pipe fittings,
74130000,"Stranded wire, cables, plaited bands of copper",
74150000,"Nails, tacks, staples, screws of copper",
74160000,Springs of copper,
74170000,"Cooking/heating apparatus, non-electrical",
74180000,Table/kitchen/household articles of copper,
74190000,Other articles of copper,
76010000,Unwrought aluminium,
76020000,Aluminium waste and scrap,
76030000,Aluminium powders and flakes,
76040000,"Aluminium bars, rods and profiles",
76050000,Aluminium wire,
76060000,"Aluminium plates, sheets and strip",
76070000,Aluminium foil,
76080000,Aluminium tubes and pipes,
76090000,Aluminium tube/pipe fittings,
76100000,"Aluminium structures and parts (bridges, towers etc.)",
76110000,"Aluminium reservoirs, tanks, vats (> 300 litres)",
76120000,"Casks, drums, cans of aluminium (<= 300 litres)",
76130000,Aluminium containers for compressed/liquefied gas,
76140000,"Stranded wire, cables, plaited bands of aluminium",
76150000,Table/kitchen/household articles of aluminium,
76160000,Other articles of aluminium,
84010000,"Nuclear reactors, fuel elements; radiation machines",
84020000,Steam boilers; super-heated water boilers,
84030000,Central heating boilers (not ch. 8402),
84040000,Auxiliary plant for steam-generating boilers,
84050000,Producer gas/water gas/acetylene generators,
84060000,Steam turbines and other vapour turbines,
84070000,Spark-ignition reciprocating/rotary internal combustion piston engines,
84080000,Compression-ignition internal combustion piston engines (diesel),
84090000,Parts for spark-ignition/compression-ignition engines,
84100000,"Hydraulic turbines, water wheels and regulators",
84110000,"Turbo-jets, turbo-propellers, other gas turbines",
84120000,Other engines and motors,
84130000,Pumps for liquids; liquid elevators,
84140000,"Air/vacuum pumps, compressors, fans",
84150000,Air conditioning machines,
84160000,Furnace burners for liquid/gaseous fuel,
84170000,Industrial/laboratory furnaces and ovens,
84180000,"Refrigerators, freezers, heat pumps",
84190000,Machinery for treating material by change of temperature,
84200000,Calendering machines; other rolling machines,
84210000,Centrifuges; filtering/purifying machinery,
84220000,Dish washing machines; machinery for packing/wrapping,
84230000,Weighing machinery,
84240000,Mechanical appliances for projecting/dispersing liquids,
84250000,Pulley tackles and hoists; winches; capstans; jacks,
84260000,Ships' derricks; cranes; mobile lifting frames,
84270000,Fork-lift trucks; work trucks fitted with lifting/handling equipment,
84280000,"Other lifting, handling, loading/unloading machinery",
84290000,"Self-propelled bulldozers, graders, scrapers",
84300000,"Other moving, grading, excavating machinery",
84310000,Parts for machinery of ch. 84.25 - 84.30,
84320000,Agricultural/forestry/horticulture machinery for soil preparation,
84330000,Harvesting or threshing machinery; mowers,
84340000,Milking machines and dairy machinery,
84350000,"Presses, crushers for wine/cider/fruit juice",
84360000,Other agricultural/horticulture/forestry machinery,
84370000,Machines for cleaning/sorting/grading seed/grain,
84380000,Machinery for industrial preparation/manufacture of food,
84390000,Machinery for making pulp; machines for making paper,
84400000,Book-binding machinery,
84410000,Other machinery for making paper/paperboard,
84420000,Machinery for typesetting/composing; printing type,
84430000,Printing machinery (incl. ink-jet); photocopiers,
84440000,Machines for extruding/drawing/texturing man-made textile,
84450000,Machines for preparing textile fibres; spinning machines,
84460000,Weaving machines (looms),
84470000,Knitting machines; stitch-bonding machines,
84480000,Auxiliary machinery for textile machines,
84490000,Machines for making/finishing felt/nonwovens,
84500000,Household/laundry-type washing machines,
84510000,"Machinery for washing, cleaning, wringing textiles",
84520000,Sewing machines; furniture/bases/covers for sewing machines,
84530000,Machinery for preparing/tanning/working hides/skins,
84540000,"Converters, ladles, ingot moulds, casting machines (metallurgy)",
84550000,Metal-rolling mills and rolls therefor,
84560000,Machine-tools for removing material by laser etc.,
84570000,Machining centres for working metal,
84580000,Lathes (including turning centres) for removing metal,
84590000,Machine-tools for drilling/boring/milling metal,
84600000,Machine-tools for deburring/sharpening,
84610000,"Machine-tools for planing, slotting, broaching metal",
84620000,"Machine-tools for forging, bending, straightening metal",
84630000,Other machine-tools for working metal,
84640000,Machine-tools for working stone/ceramics/concrete,
84650000,Machine-tools for working wood/cork/bone/rubber/plastics,
84660000,Parts/accessories for machines of ch. 84.56 - 84.65,
84670000,"Tools for working in hand, pneumatic/hydraulic/electric motor",
84680000,"Machinery for soldering, brazing/welding",
84690000,Word-processing machines,
84700000,Calculating machines; cash registers; postage-franking machines,
84710000,Automatic data processing machines (computers),
84720000,"Other office machines (photocopying, addressing machines)",
84730000,Parts/accessories for machines of ch. 84.69 - 84.72,
84740000,"Machinery for sorting, screening, crushing minerals",
84750000,Machines for assembling electric filament/discharge lamps,
84760000,Automatic goods-vending machines,
84770000,Machinery for working rubber/plastics,
84780000,Machinery for preparing/making up tobacco,
84790000,Machines and mechanical appliances having individual functions NEC,
84800000,Moulding boxes for metal foundry; mould bases,
84810000,"Taps, cocks, valves for pipes, boilers, tanks",
84820000,Ball/roller bearings,
84830000,"Transmission shafts, cranks, bearing housings, gears",
84840000,Gaskets and similar joints of metal sheeting,
84850000,Machinery parts NEC,
85010000,Electric motors and generators (not sets),18
85020000,Electric generating sets and rotary converters,18
85030000,Parts for electric motors/generators (ch. 85.01/85.02),18
85040000,"Electrical transformers, static converters, inductors",18
85050000,Electromagnets; permanent magnets; magnetic chucks etc.,18
85060000,Primary cells and primary batteries,18
85070000,Electric accumulators (rechargeable batteries),28
85076000,Lithium-ion accumulators (batteries),28
85080000,Vacuum cleaners,18
85090000,Electromechanical domestic appliances with self-contained motor,
85100000,"Shavers, hair clippers, hair-removing appliances",
85110000,Electrical ignition equipment for engines,
85120000,Electrical lighting/signalling equipment for cycles/motor vehicles,
85130000,Portable electric lamps designed to function by own source of energy,
85140000,Industrial/laboratory electric furnaces/ovens,
85150000,Electric/laser/other light/photon beam welding machines,
85160000,Electric water heaters; hair dressing apparatus; flat irons,18
85164000,Electric smoothing irons,18
85170000,Telephone sets (incl. smartphones); video phones,18
85171200,Mobile phones / smartphones,18
85180000,"Microphones, loudspeakers, headphones, amplifiers",
85190000,Sound recording/reproducing apparatus,18
85210000,Video recording/reproducing apparatus,28
85220000,Parts/accessories of ch. 85.19/85.21,
85230000,"Discs, tapes, solid-state storage devices for sound/video",18
85240000,Flat panel display modules,
85250000,Transmission apparatus for radio-broadcasting/TV,
85260000,"Radar apparatus, radio navigational aid apparatus",
85270000,Reception apparatus for radio-broadcasting,
85280000,Monitors and projectors; TV receivers,28
85290000,Parts for transmission/reception apparatus (ch. 85.25 - 85.28),
85300000,Electrical signalling/safety equipment for railways,
85310000,Electric sound/visual signalling apparatus,
85320000,"Electrical capacitors (fixed, variable, adjustable)",
85330000,Electrical resistors (other than heating resistors),
85340000,Printed circuits,
85350000,Electrical apparatus for switching circuits >= 1000V,
85360000,Electrical apparatus for switching circuits < 1000V,
85370000,"Boards, panels, consoles, desks for electric control",
85380000,Parts for apparatus of ch. 85.35 - 85.37,
85390000,Electric filament/discharge lamps; LED lamps; UV/IR lamps,
85400000,"Thermionic, cold cathode/photo-cathode valves and tubes",
85410000,Semiconductor devices; photovoltaic cells; LEDs,
85420000,Electronic integrated circuits,
85430000,Electrical machines and apparatus having specific functions NEC,
85440000,"Insulated wire, cable; optical fibre cables",
85450000,Carbon electrodes; carbon brushes; lamp carbons,
85460000,Electrical insulators,
85470000,Insulating fittings for electrical machinery,
85480000,Electrical parts of machinery/apparatus NEC,
86010000,Rail locomotives powered from external electric source,
86020000,Other rail locomotives; locomotive tenders,
86030000,Self-propelled railway/tramway coaches,
86040000,Railway/tramway maintenance/service vehicles,
86050000,Railway/tramway passenger coaches (not self-propelled),
86060000,Railway/tramway goods vans and wagons (not self-propelled),
86070000,Parts of railway/tramway locomotives or rolling stock,
86080000,Railway/tramway track fixtures; mechanical signalling equipment,
86090000,Containers for transport,
87010000,Tractors,18
87020000,Motor vehicles for transport of >= 10 persons,28
87030000,Motor cars and vehicles for transport of persons,28
87032100,Cars with engine capacity <= 1200cc (petrol/CNG),28
87032200,Cars with engine capacity 1200-1500cc,28
87032300,Cars with engine capacity > 1500cc,28
87034000,Motor vehicles with only electric motor (EV),28
87038000,Other motor vehicles with electric motor,28
87040000,Motor vehicles for transport of goods,28
87050000,"Special purpose motor vehicles (cranes, fire engines)",28
87060000,Chassis fitted with engines for motor vehicles,
87070000,Bodies (incl. cabs) for motor vehicles,
87080000,Parts and accessories for motor vehicles,
87090000,Works trucks not fitted with lifting/handling equipment,
87100000,Tanks and other armoured fighting vehicles,
87110000,Motorcycles (incl. mopeds) and cycles fitted with auxiliary motor,28
87120000,"Bicycles and other cycles, not motorised",12
87130000,Carriages for disabled persons,
87140000,Parts and accessories for vehicles of ch. 87.11 - 87.13,
87150000,Baby carriages and parts thereof,
87160000,"Trailers and semi-trailers; other vehicles, not mechanically propelled",
88010000,Balloons; dirigibles; other non-powered aircraft,
88020000,"Other aircraft (helicopters, aeroplanes)",
88030000,Parts of goods of heading 88.01/88.02,
88040000,Parachutes (incl. dirigible parachutes and paragliders),
88050000,Aircraft launching gear; deck-arrestor/similar gear,
89010000,"Cruise ships, excursion boats, ferry-boats, cargo ships",
89020000,Fishing vessels; factory ships,
89030000,"Yachts, other vessels for pleasure/sports",
89040000,Tugs and pusher craft,
89050000,"Light-vessels, fire-floats, dredgers, floating cranes",
89060000,Other vessels (incl. warships and lifeboats),
89070000,"Other floating structures (rafts, pontoons, floating docks)",
89080000,Vessels and other floating structures for breaking up,
90010000,Optical fibres; optical fibre bundles; lenses,
90020000,"Lenses, prisms, mirrors for optical instruments",
90030000,"Frames and mountings for spectacles, goggles",
90040000,"Spectacles, goggles and the like (corrective/protective)",
90050000,"Binoculars, monoculars, telescopes, astronomical instruments",
90060000,Photographic cameras; photographic flashlight apparatus,
90070000,Cinematographic cameras and projectors,
90080000,Image projectors (other than cinematographic),
90100000,Apparatus/equipment for photographic/cinematographic laboratories,
90110000,"Compound optical microscopes, incl. photomicrographic",
90120000,Microscopes other than optical; diffraction apparatus,
90130000,Liquid crystal devices; lasers; other optical appliances NEC,
90140000,Direction finding compasses; navigational instruments,
90150000,Surveying/hydrographic/oceanographic instruments,
90160000,Balances of a sensitivity of 5 cg or better,
90170000,"Drawing, marking-out, mathematical calculating instruments",
90180000,Instruments used in medical/surgical/dental/veterinary sciences,
90190000,Mechano-therapy appliances; massage apparatus; breathing apparatus,
90200000,Other breathing appliances and gas masks,
90210000,Orthopaedic appliances; artificial body parts,
90220000,X-ray apparatus; alpha/beta/gamma radiation apparatus,
90230000,Instruments/apparatus/models for demonstrational purposes,
90240000,Machines for testing hardness/strength of materials,
90250000,"Hydrometers, thermometers, barometers, hygrometers",
90260000,Instruments for measuring/checking flow/level/pressure,
90270000,Instruments for physical/chemical analysis,
90280000,Gas/liquid/electricity supply/production meters,
90290000,"Revolution counters, production counters, taximeters",
90300000,"Oscilloscopes, spectrum analysers, electrical measurement instruments",
90310000,Measuring/checking instruments/appliances NEC,
90320000,Automatic regulating/controlling instruments,
90330000,Parts/accessories for machines of ch. 90,
91010000,"Wrist-watches, pocket-watches (with precious metal case)",
91020000,"Wrist-watches, pocket-watches (other)",
91030000,Clocks with watch movements,
91040000,Instrument panel clocks for vehicles/aircraft,
91050000,"Other clocks (alarm clocks, wall clocks etc.)",
91060000,Time-of-day recording apparatus; time-registers,
91070000,Time switches with clock/watch movement,
91080000,"Watch movements, complete and assembled",
91090000,"Clock movements, complete and assembled",
91100000,"Complete watch/clock movements, unassembled",
91110000,Watch cases and parts thereof,
91120000,Clock cases and cases of similar types,
91130000,"Watch straps, watch bands and watch bracelets",
91140000,Other clock or watch parts,
94010000,Seats (other than those of ch. 94.02),
94020000,Medical/surgical/dental/veterinary furniture,
94030000,Other furniture and parts thereof,
94040000,"Mattress supports; mattresses; quilts, pillows",
94050000,Lamps and lighting fittings NEC,
94060000,Prefabricated buildings,
95010000,Wheeled toys designed to be ridden by children,
95020000,Dolls representing only human beings,
95030000,"Other toys (electric trains, puzzles, toy vehicles etc.)",
95040000,Video game consoles and machines; articles for funfair,
95045000,Video game consoles,
95050000,Festive/carnival/entertainment articles,
95060000,Articles for general physical exercise/sport,
95070000,"Fishing rods, hooks, fishing tackle; nets for sport",
95080000,"Roundabouts, swings, shooting galleries (funfair)",
96010000,"Worked ivory, bone, tortoise-shell, horn etc.",
96020000,Worked vegetable/mineral carving material; articles thereof,
96030000,"Brooms, brushes, mops, feather dusters",
96040000,Hand sieves and hand riddles,
96050000,Travel sets for personal toilet/sewing/shoe cleaning,
96060000,"Buttons, press-fasteners, snap-fasteners",
96070000,Slide fasteners (zip fasteners) and parts,
96080000,Ball point pens; felt/fibre tipped pens; fountain pens,
96090000,"Pencils, crayons, chalk, pastels, drawing charcoals",
96100000,Slates and boards for writing/drawing,
96110000,"Date, sealing or numbering stamps; hand-operated printers",
96120000,Typewriter/similar ribbons; ink-pads,
96130000,Cigarette lighters and other lighters,
96140000,"Smoking pipes, pipe bowls; cigar/cigarette holders",
96150000,"Combs, hair-slides and similar; hairpins; curling pins",
96160000,Scent atomisers; powder-puffs and pads,
96170000,Vacuum flasks and other vacuum vessels complete,
96180000,Tailors' dummies and other lay figures; automata,
96190000,"Sanitary napkins, tampons, diapers and similar",
